id;nom;type;photo;avatar;card;muscles;conseil;erreur
mix_001;Développé couché barre;push;assets/exercices/photos/developpe_couche_barre.jpg;assets/exercices/avatar/developpe_couche_barre_posture.png;assets/exercices/cards/developpe_couche_barre_card.png;pectoraux, triceps, épaules;Poitrine sortie, omoplates serrées, pieds ancrés.;Barre trop haute, rebond sur la poitrine, poignets cassés.
mix_002;Développé incliné haltères;push;assets/exercices/photos/developpe_incline_halteres.jpg;assets/exercices/avatar/developpe_incline_halteres_posture.png;assets/exercices/cards/developpe_incline_halteres_card.png;haut pectoraux, triceps, épaules;Contrôle la descente, garde les coudes sous les poignets.;Descendre trop vite, ouvrir les coudes à 90°.
mix_003;Développé militaire;push;assets/exercices/photos/developpe_militaire.jpg;assets/exercices/avatar/developpe_militaire_posture.png;assets/exercices/cards/developpe_militaire_card.png;épaules, triceps, gainage;Fessiers serrés, côtes basses, barre proche du visage.;Cambrer fort, pousser vers l’avant.
mix_004;Dips;push;assets/exercices/photos/dips.jpg;assets/exercices/avatar/dips_posture.png;assets/exercices/cards/dips_card.png;triceps, pectoraux, épaules;Descends contrôlé, épaules basses, buste stable.;Descendre trop bas si douleur épaule.
mix_005;Pompes classiques;push;assets/exercices/photos/pompes_classiques.jpg;assets/exercices/avatar/pompes_classiques_posture.png;assets/exercices/cards/pompes_classiques_card.png;pectoraux, triceps, gainage;Corps aligné, mains sous épaules, descente contrôlée.;Bassin qui tombe, coudes trop ouverts.
mix_006;Pompes inclinées;push;assets/exercices/photos/pompes_inclinees.jpg;assets/exercices/avatar/pompes_inclinees_posture.png;assets/exercices/cards/pompes_inclinees_card.png;pectoraux, triceps;Même alignement qu’une pompe, support stable.;Casser la nuque, perdre le gainage.
mix_007;Pompes déclinées;push;assets/exercices/photos/pompes_declinees.jpg;assets/exercices/avatar/pompes_declinees_posture.png;assets/exercices/cards/pompes_declinees_card.png;haut pectoraux, épaules, triceps;Pieds surélevés, corps gainé, mains stables.;Creuser le bas du dos.
mix_008;Élévations latérales;push;assets/exercices/photos/elevations_laterales.jpg;assets/exercices/avatar/elevations_laterales_posture.png;assets/exercices/cards/elevations_laterales_card.png;épaules;Monte jusqu’à ligne d’épaule, coudes souples.;Balancer le corps, monter trop haut.
mix_009;Élévations frontales;push;assets/exercices/photos/elevations_frontales.jpg;assets/exercices/avatar/elevations_frontales_posture.png;assets/exercices/cards/elevations_frontales_card.png;épaules;Bras contrôlés, gainage actif, pas d’élan.;Cambrer et tirer avec le dos.
mix_010;Extensions triceps poulie;push;assets/exercices/photos/extensions_triceps_poulie.jpg;assets/exercices/avatar/extensions_triceps_poulie_posture.png;assets/exercices/cards/extensions_triceps_poulie_card.png;triceps;Coudes fixes, épaules basses, extension complète.;Bouger les coudes, se pencher trop.
mix_011;Extensions triceps haltère;push;assets/exercices/photos/extensions_triceps_haltere.jpg;assets/exercices/avatar/extensions_triceps_haltere_posture.png;assets/exercices/cards/extensions_triceps_haltere_card.png;triceps;Coudes serrés, mouvement lent derrière la tête.;Écarter les coudes, cambrer.
mix_012;Développé Arnold;push;assets/exercices/photos/developpe_arnold.jpg;assets/exercices/avatar/developpe_arnold_posture.png;assets/exercices/cards/developpe_arnold_card.png;épaules, triceps;Rotation fluide, charge modérée, gainage.;Forcer la rotation avec charge lourde.
mix_013;Tractions pronation;pull;assets/exercices/photos/tractions_pronation.jpg;assets/exercices/avatar/tractions_pronation_posture.png;assets/exercices/cards/tractions_pronation_card.png;dos, biceps;Poitrine vers la barre, épaules basses, contrôle.;Tirer avec le cou, balancer les jambes.
mix_014;Tractions supination;pull;assets/exercices/photos/tractions_supination.jpg;assets/exercices/avatar/tractions_supination_posture.png;assets/exercices/cards/tractions_supination_card.png;dos, biceps;Garde le buste stable, contrôle la descente.;Demi-amplitude, épaules qui remontent.
mix_015;Tirage horizontal;pull;assets/exercices/photos/tirage_horizontal.jpg;assets/exercices/avatar/tirage_horizontal_posture.png;assets/exercices/cards/tirage_horizontal_card.png;dos, biceps, arrière épaules;Tire les coudes vers l’arrière, poitrine haute.;Arrondir le dos, tirer avec les bras seuls.
mix_016;Rowing barre;pull;assets/exercices/photos/rowing_barre.jpg;assets/exercices/avatar/rowing_barre_posture.png;assets/exercices/cards/rowing_barre_card.png;dos, trapèzes, biceps;Dos neutre, charnière hanche, barre vers nombril.;Arrondir lombaires, donner de l’élan.
mix_017;Rowing haltère;pull;assets/exercices/photos/rowing_haltere.jpg;assets/exercices/avatar/rowing_haltere_posture.png;assets/exercices/cards/rowing_haltere_card.png;dos, biceps;Appui stable, coude vers hanche, dos plat.;Tourner le buste excessivement.
mix_018;Face pull;pull;assets/exercices/photos/face_pull.jpg;assets/exercices/avatar/face_pull_posture.png;assets/exercices/cards/face_pull_card.png;arrière épaules, trapèzes;Tire vers le visage, coudes hauts, contrôle.;Cambrer, tirer trop bas.
mix_019;Curl barre;pull;assets/exercices/photos/curl_barre.jpg;assets/exercices/avatar/curl_barre_posture.png;assets/exercices/cards/curl_barre_card.png;biceps;Coudes fixes, montée contrôlée, descente lente.;Balancer le dos, épaules en avant.
mix_020;Curl haltères;pull;assets/exercices/photos/curl_halteres.jpg;assets/exercices/avatar/curl_halteres_posture.png;assets/exercices/cards/curl_halteres_card.png;biceps;Poignets neutres, amplitude complète.;Coude qui avance, charge trop lourde.
mix_021;Curl marteau;pull;assets/exercices/photos/curl_marteau.jpg;assets/exercices/avatar/curl_marteau_posture.png;assets/exercices/cards/curl_marteau_card.png;biceps, avant-bras;Paumes face à face, bras collés au buste.;Monter avec l’épaule.
mix_022;Reverse curl;pull;assets/exercices/photos/reverse_curl.jpg;assets/exercices/avatar/reverse_curl_posture.png;assets/exercices/cards/reverse_curl_card.png;avant-bras, biceps;Prise pronation, poignets solides.;Casser les poignets.
mix_023;Tirage vertical;pull;assets/exercices/photos/tirage_vertical.jpg;assets/exercices/avatar/tirage_vertical_posture.png;assets/exercices/cards/tirage_vertical_card.png;grand dorsal, biceps;Barre vers haut poitrine, épaules basses.;Tirer derrière la nuque.
mix_024;Shrugs;pull;assets/exercices/photos/shrugs.jpg;assets/exercices/avatar/shrugs_posture.png;assets/exercices/cards/shrugs_card.png;trapèzes;Monte les épaules verticalement, pause en haut.;Rouler les épaules.
mix_025;Squat;squat;assets/exercices/photos/squat.jpg;assets/exercices/avatar/squat_posture.png;assets/exercices/cards/squat_card.png;quadriceps, fessiers, gainage;Pieds ancrés, genoux suivent les pointes, buste solide.;Genoux qui rentrent, dos qui s’arrondit.
mix_026;Squat goblet;squat;assets/exercices/photos/squat_goblet.jpg;assets/exercices/avatar/squat_goblet_posture.png;assets/exercices/cards/squat_goblet_card.png;quadriceps, fessiers;Charge proche poitrine, coudes vers bas, amplitude propre.;Talon qui décolle, buste qui tombe.
mix_027;Presse à cuisses;squat;assets/exercices/photos/presse_a_cuisses.jpg;assets/exercices/avatar/presse_a_cuisses_posture.png;assets/exercices/cards/presse_a_cuisses_card.png;quadriceps, fessiers;Bas du dos plaqué, pousse dans toute la plante.;Verrouiller brutalement les genoux.
mix_028;Fentes avant;squat;assets/exercices/photos/fentes_avant.jpg;assets/exercices/avatar/fentes_avant_posture.png;assets/exercices/cards/fentes_avant_card.png;quadriceps, fessiers;Grand pas stable, genou aligné, buste droit.;Genou vers l’intérieur, appui instable.
mix_029;Fentes arrière;squat;assets/exercices/photos/fentes_arriere.jpg;assets/exercices/avatar/fentes_arriere_posture.png;assets/exercices/cards/fentes_arriere_card.png;quadriceps, fessiers;Recule contrôlé, garde le poids sur jambe avant.;S’écraser en bas, perdre l’équilibre.
mix_030;Soulevé de terre;hinge;assets/exercices/photos/souleve_de_terre.jpg;assets/exercices/avatar/souleve_de_terre_posture.png;assets/exercices/cards/souleve_de_terre_card.png;ischios, fessiers, dos;Barre proche, dos neutre, pousse le sol.;Arrondir le dos, barre loin du corps.
mix_031;Soulevé jambes tendues;hinge;assets/exercices/photos/souleve_jambes_tendues.jpg;assets/exercices/avatar/souleve_jambes_tendues_posture.png;assets/exercices/cards/souleve_jambes_tendues_card.png;ischios, fessiers;Hanches en arrière, genoux souples, dos long.;Descendre trop bas en arrondissant.
mix_032;Hip thrust;hinge;assets/exercices/photos/hip_thrust.jpg;assets/exercices/avatar/hip_thrust_posture.png;assets/exercices/cards/hip_thrust_card.png;fessiers, ischios;Menton rentré, rétroversion bassin, pause en haut.;Cambrer au lieu de pousser les hanches.
mix_033;Leg curl;squat;assets/exercices/photos/leg_curl.jpg;assets/exercices/avatar/leg_curl_posture.png;assets/exercices/cards/leg_curl_card.png;ischios;Contrôle la flexion, bassin collé au banc.;Donner de l’élan, amplitude partielle.
mix_034;Leg extension;squat;assets/exercices/photos/leg_extension.jpg;assets/exercices/avatar/leg_extension_posture.png;assets/exercices/cards/leg_extension_card.png;quadriceps;Monte contrôlé, stop en haut, descente lente.;Charge trop lourde, mouvement violent.
mix_035;Mollets debout;squat;assets/exercices/photos/mollets_debout.jpg;assets/exercices/avatar/mollets_debout_posture.png;assets/exercices/cards/mollets_debout_card.png;mollets;Amplitude complète, pause en haut.;Rebondir sans contrôle.
mix_036;Mollets assis;squat;assets/exercices/photos/mollets_assis.jpg;assets/exercices/avatar/mollets_assis_posture.png;assets/exercices/cards/mollets_assis_card.png;mollets;Descente lente, montée forte, pieds stables.;Amplitude trop courte.
mix_037;Planche;core;assets/exercices/photos/planche.jpg;assets/exercices/avatar/planche_posture.png;assets/exercices/cards/planche_card.png;gainage, abdos;Corps aligné, fessiers serrés, respiration contrôlée.;Bassin qui tombe, épaules relâchées.
mix_038;Planche latérale;core;assets/exercices/photos/planche_laterale.jpg;assets/exercices/avatar/planche_laterale_posture.png;assets/exercices/cards/planche_laterale_card.png;obliques, gainage;Hanche haute, épaule au-dessus coude.;Tourner le bassin vers l’avant.
mix_039;Crunch;core;assets/exercices/photos/crunch.jpg;assets/exercices/avatar/crunch_posture.png;assets/exercices/cards/crunch_card.png;abdos;Enroule le haut du dos, souffle en montant.;Tirer la nuque.
mix_040;Relevés de jambes;core;assets/exercices/photos/releves_de_jambes.jpg;assets/exercices/avatar/releves_de_jambes_posture.png;assets/exercices/cards/releves_de_jambes_card.png;abdos, fléchisseurs hanche;Bas du dos contrôlé, descente lente.;Creuser les lombaires.
mix_041;Russian twist;core;assets/exercices/photos/russian_twist.jpg;assets/exercices/avatar/russian_twist_posture.png;assets/exercices/cards/russian_twist_card.png;obliques;Rotation contrôlée, buste gainé.;Tourner vite sans contrôle.
mix_042;Gainage dynamique;core;assets/exercices/photos/gainage_dynamique.jpg;assets/exercices/avatar/gainage_dynamique_posture.png;assets/exercices/cards/gainage_dynamique_card.png;gainage, épaules;Mouvement lent, bassin stable.;Balancer les hanches.
mix_043;Burpees;conditioning;assets/exercices/photos/burpees.jpg;assets/exercices/avatar/burpees_posture.png;assets/exercices/cards/burpees_card.png;full body, cardio;Mouvement fluide, adapte le saut si besoin.;S’écraser au sol, perdre la posture.
mix_044;Mountain climbers;conditioning;assets/exercices/photos/mountain_climbers.jpg;assets/exercices/avatar/mountain_climbers_posture.png;assets/exercices/cards/mountain_climbers_card.png;core, cardio;Épaules stables, genoux rapides mais contrôlés.;Monter les fesses trop haut.
mix_045;Kettlebell swing;hinge;assets/exercices/photos/kettlebell_swing.jpg;assets/exercices/avatar/kettlebell_swing_posture.png;assets/exercices/cards/kettlebell_swing_card.png;fessiers, ischios, cardio;Hanche explosive, bras relâchés, dos neutre.;Squatter le mouvement, lever avec les bras.
mix_046;Farmer walk;conditioning;assets/exercices/photos/farmer_walk.jpg;assets/exercices/avatar/farmer_walk_posture.png;assets/exercices/cards/farmer_walk_card.png;gainage, avant-bras;Marche droite, épaules basses, tronc solide.;Se pencher d’un côté.
mix_047;Box jump;conditioning;assets/exercices/photos/box_jump.jpg;assets/exercices/avatar/box_jump_posture.png;assets/exercices/cards/box_jump_card.png;jambes, explosivité;Réception souple, monte stable, redescends contrôlé.;Sauter trop haut sans maîtrise.
mix_048;Thruster;conditioning;assets/exercices/photos/thruster.jpg;assets/exercices/avatar/thruster_posture.png;assets/exercices/cards/thruster_card.png;jambes, épaules, cardio;Squat propre puis poussée verticale.;Séparer mal le squat et le press.
mix_049;Wall ball;conditioning;assets/exercices/photos/wall_ball.jpg;assets/exercices/avatar/wall_ball_posture.png;assets/exercices/cards/wall_ball_card.png;jambes, épaules, cardio;Squat complet, lancer fluide, réception stable.;Lancer avec le dos, genoux qui rentrent.
mix_050;Sled push;conditioning;assets/exercices/photos/sled_push.jpg;assets/exercices/avatar/sled_push_posture.png;assets/exercices/cards/sled_push_card.png;jambes, cardio;Buste incliné, pousse fort avec les jambes.;Petits pas désordonnés, dos relâché.
mix_051;Battle rope;conditioning;assets/exercices/photos/battle_rope.jpg;assets/exercices/avatar/battle_rope_posture.png;assets/exercices/cards/battle_rope_card.png;épaules, cardio;Genoux souples, tronc gainé, rythme régulier.;Tirer avec le dos, épaules crispées.
mix_052;Jump rope;conditioning;assets/exercices/photos/jump_rope.jpg;assets/exercices/avatar/jump_rope_posture.png;assets/exercices/cards/jump_rope_card.png;mollets, cardio;Petits rebonds, poignets actifs, posture haute.;Sauter trop haut, épaules tendues.
