key;exercice;categorie;fichier_attendu;consigne
pompes;Pompes;push;assets/exercises/push/pompes.jpg;Visuel pour Pompes : posture lisible, fond sombre, style FAFATRAINING, débutant compréhensible.
pompes_inclinees;Pompes inclinées;push;assets/exercises/push/pompes_inclinees.jpg;Visuel pour Pompes inclinées : posture lisible, fond sombre, style FAFATRAINING, débutant compréhensible.
pompes_declinees;Pompes déclinées;push;assets/exercises/push/pompes_declinees.jpg;Visuel pour Pompes déclinées : posture lisible, fond sombre, style FAFATRAINING, débutant compréhensible.
developpe_couche;Développé couché;push;assets/exercises/push/developpe_couche.jpg;Visuel pour Développé couché : posture lisible, fond sombre, style FAFATRAINING, débutant compréhensible.
developpe_incline;Développé incliné;push;assets/exercises/push/developpe_incline.jpg;Visuel pour Développé incliné : posture lisible, fond sombre, style FAFATRAINING, débutant compréhensible.
developpe_militaire;Développé militaire;push;assets/exercises/push/developpe_militaire.jpg;Visuel pour Développé militaire : posture lisible, fond sombre, style FAFATRAINING, débutant compréhensible.
dips;Dips;push;assets/exercises/push/dips.jpg;Visuel pour Dips : posture lisible, fond sombre, style FAFATRAINING, débutant compréhensible.
elevations_laterales;Élévations latérales;push;assets/exercises/push/elevations_laterales.jpg;Visuel pour Élévations latérales : posture lisible, fond sombre, style FAFATRAINING, débutant compréhensible.
extension_triceps;Extension triceps;push;assets/exercises/push/extension_triceps.jpg;Visuel pour Extension triceps : posture lisible, fond sombre, style FAFATRAINING, débutant compréhensible.
tractions;Tractions;pull;assets/exercises/pull/tractions.jpg;Visuel pour Tractions : posture lisible, fond sombre, style FAFATRAINING, débutant compréhensible.
tractions_assistees;Tractions assistées;pull;assets/exercises/pull/tractions_assistees.jpg;Visuel pour Tractions assistées : posture lisible, fond sombre, style FAFATRAINING, débutant compréhensible.
tirage_vertical;Tirage vertical;pull;assets/exercises/pull/tirage_vertical.jpg;Visuel pour Tirage vertical : posture lisible, fond sombre, style FAFATRAINING, débutant compréhensible.
rowing_barre;Rowing barre;pull;assets/exercises/pull/rowing_barre.jpg;Visuel pour Rowing barre : posture lisible, fond sombre, style FAFATRAINING, débutant compréhensible.
rowing_haltere;Rowing haltère;pull;assets/exercises/pull/rowing_haltere.jpg;Visuel pour Rowing haltère : posture lisible, fond sombre, style FAFATRAINING, débutant compréhensible.
face_pull;Face pull;pull;assets/exercises/pull/face_pull.jpg;Visuel pour Face pull : posture lisible, fond sombre, style FAFATRAINING, débutant compréhensible.
curl_halteres;Curl haltères;pull;assets/exercises/pull/curl_halteres.jpg;Visuel pour Curl haltères : posture lisible, fond sombre, style FAFATRAINING, débutant compréhensible.
curl_marteau;Curl marteau;pull;assets/exercises/pull/curl_marteau.jpg;Visuel pour Curl marteau : posture lisible, fond sombre, style FAFATRAINING, débutant compréhensible.
squat;Squat;legs;assets/exercises/legs/squat.jpg;Visuel pour Squat : posture lisible, fond sombre, style FAFATRAINING, débutant compréhensible.
goblet_squat;Goblet squat;legs;assets/exercises/legs/goblet_squat.jpg;Visuel pour Goblet squat : posture lisible, fond sombre, style FAFATRAINING, débutant compréhensible.
back_squat;Back squat;legs;assets/exercises/legs/back_squat.jpg;Visuel pour Back squat : posture lisible, fond sombre, style FAFATRAINING, débutant compréhensible.
front_squat;Front squat;legs;assets/exercises/legs/front_squat.jpg;Visuel pour Front squat : posture lisible, fond sombre, style FAFATRAINING, débutant compréhensible.
presse;Presse à cuisses;legs;assets/exercises/legs/presse.jpg;Visuel pour Presse à cuisses : posture lisible, fond sombre, style FAFATRAINING, débutant compréhensible.
leg_extension;Leg extension;legs;assets/exercises/legs/leg_extension.jpg;Visuel pour Leg extension : posture lisible, fond sombre, style FAFATRAINING, débutant compréhensible.
leg_curl;Leg curl;legs;assets/exercises/legs/leg_curl.jpg;Visuel pour Leg curl : posture lisible, fond sombre, style FAFATRAINING, débutant compréhensible.
fentes_arriere;Fentes arrière;legs;assets/exercises/legs/fentes_arriere.jpg;Visuel pour Fentes arrière : posture lisible, fond sombre, style FAFATRAINING, débutant compréhensible.
fentes_bulgares;Fentes bulgares;legs;assets/exercises/legs/fentes_bulgares.jpg;Visuel pour Fentes bulgares : posture lisible, fond sombre, style FAFATRAINING, débutant compréhensible.
step_up;Step up;legs;assets/exercises/legs/step_up.jpg;Visuel pour Step up : posture lisible, fond sombre, style FAFATRAINING, débutant compréhensible.
deadlift;Deadlift;legs;assets/exercises/legs/deadlift.jpg;Visuel pour Deadlift : posture lisible, fond sombre, style FAFATRAINING, débutant compréhensible.
rdl;RDL;legs;assets/exercises/legs/rdl.jpg;Visuel pour RDL : posture lisible, fond sombre, style FAFATRAINING, débutant compréhensible.
hip_thrust;Hip thrust;legs;assets/exercises/legs/hip_thrust.jpg;Visuel pour Hip thrust : posture lisible, fond sombre, style FAFATRAINING, débutant compréhensible.
mollets;Mollets;legs;assets/exercises/legs/mollets.jpg;Visuel pour Mollets : posture lisible, fond sombre, style FAFATRAINING, débutant compréhensible.
gainage;Gainage;core;assets/exercises/core/gainage.jpg;Visuel pour Gainage : posture lisible, fond sombre, style FAFATRAINING, débutant compréhensible.
gainage_lateral;Gainage latéral;core;assets/exercises/core/gainage_lateral.jpg;Visuel pour Gainage latéral : posture lisible, fond sombre, style FAFATRAINING, débutant compréhensible.
dead_bug;Dead bug;core;assets/exercises/core/dead_bug.jpg;Visuel pour Dead bug : posture lisible, fond sombre, style FAFATRAINING, débutant compréhensible.
crunch;Crunch;core;assets/exercises/core/crunch.jpg;Visuel pour Crunch : posture lisible, fond sombre, style FAFATRAINING, débutant compréhensible.
releves_jambes;Relevés de jambes;core;assets/exercises/core/releves_jambes.jpg;Visuel pour Relevés de jambes : posture lisible, fond sombre, style FAFATRAINING, débutant compréhensible.
pallof_press;Pallof press;core;assets/exercises/core/pallof_press.jpg;Visuel pour Pallof press : posture lisible, fond sombre, style FAFATRAINING, débutant compréhensible.
burpee;Burpee;cardio_crossfit;assets/exercises/cardio_crossfit/burpee.jpg;Visuel pour Burpee : posture lisible, fond sombre, style FAFATRAINING, débutant compréhensible.
burpee_adapte;Burpee adapté;cardio_crossfit;assets/exercises/cardio_crossfit/burpee_adapte.jpg;Visuel pour Burpee adapté : posture lisible, fond sombre, style FAFATRAINING, débutant compréhensible.
sprawl;Sprawl;cardio_crossfit;assets/exercises/cardio_crossfit/sprawl.jpg;Visuel pour Sprawl : posture lisible, fond sombre, style FAFATRAINING, débutant compréhensible.
mountain_climber;Mountain climber;cardio_crossfit;assets/exercises/cardio_crossfit/mountain_climber.jpg;Visuel pour Mountain climber : posture lisible, fond sombre, style FAFATRAINING, débutant compréhensible.
jumping_jack;Jumping jack;cardio_crossfit;assets/exercises/cardio_crossfit/jumping_jack.jpg;Visuel pour Jumping jack : posture lisible, fond sombre, style FAFATRAINING, débutant compréhensible.
corde_sauter;Corde à sauter;cardio_crossfit;assets/exercises/cardio_crossfit/corde_sauter.jpg;Visuel pour Corde à sauter : posture lisible, fond sombre, style FAFATRAINING, débutant compréhensible.
rameur;Rameur;cardio_crossfit;assets/exercises/cardio_crossfit/rameur.jpg;Visuel pour Rameur : posture lisible, fond sombre, style FAFATRAINING, débutant compréhensible.
ski_erg;Ski erg;cardio_crossfit;assets/exercises/cardio_crossfit/ski_erg.jpg;Visuel pour Ski erg : posture lisible, fond sombre, style FAFATRAINING, débutant compréhensible.
assault_bike;Assault bike;cardio_crossfit;assets/exercises/cardio_crossfit/assault_bike.jpg;Visuel pour Assault bike : posture lisible, fond sombre, style FAFATRAINING, débutant compréhensible.
sled_push;Sled push;cardio_crossfit;assets/exercises/cardio_crossfit/sled_push.jpg;Visuel pour Sled push : posture lisible, fond sombre, style FAFATRAINING, débutant compréhensible.
sled_pull;Sled pull;cardio_crossfit;assets/exercises/cardio_crossfit/sled_pull.jpg;Visuel pour Sled pull : posture lisible, fond sombre, style FAFATRAINING, débutant compréhensible.
box_jump;Box jump;cardio_crossfit;assets/exercises/cardio_crossfit/box_jump.jpg;Visuel pour Box jump : posture lisible, fond sombre, style FAFATRAINING, débutant compréhensible.
kettlebell_swing;Kettlebell swing;cardio_crossfit;assets/exercises/cardio_crossfit/kettlebell_swing.jpg;Visuel pour Kettlebell swing : posture lisible, fond sombre, style FAFATRAINING, débutant compréhensible.
thruster;Thruster;cardio_crossfit;assets/exercises/cardio_crossfit/thruster.jpg;Visuel pour Thruster : posture lisible, fond sombre, style FAFATRAINING, débutant compréhensible.
wall_ball;Wall ball;cardio_crossfit;assets/exercises/cardio_crossfit/wall_ball.jpg;Visuel pour Wall ball : posture lisible, fond sombre, style FAFATRAINING, débutant compréhensible.
farmer_walk;Farmer walk;cardio_crossfit;assets/exercises/cardio_crossfit/farmer_walk.jpg;Visuel pour Farmer walk : posture lisible, fond sombre, style FAFATRAINING, débutant compréhensible.
battle_rope;Battle rope;cardio_crossfit;assets/exercises/cardio_crossfit/battle_rope.jpg;Visuel pour Battle rope : posture lisible, fond sombre, style FAFATRAINING, débutant compréhensible.
shadow_boxing;Shadow boxing;boxe;assets/exercises/boxe/shadow_boxing.jpg;Visuel pour Shadow boxing : posture lisible, fond sombre, style FAFATRAINING, débutant compréhensible.
directs;Directs;boxe;assets/exercises/boxe/directs.jpg;Visuel pour Directs : posture lisible, fond sombre, style FAFATRAINING, débutant compréhensible.
crochets;Crochets;boxe;assets/exercises/boxe/crochets.jpg;Visuel pour Crochets : posture lisible, fond sombre, style FAFATRAINING, débutant compréhensible.
uppercuts;Uppercuts;boxe;assets/exercises/boxe/uppercuts.jpg;Visuel pour Uppercuts : posture lisible, fond sombre, style FAFATRAINING, débutant compréhensible.
deplacements_boxe;Déplacements boxe;boxe;assets/exercises/boxe/deplacements_boxe.jpg;Visuel pour Déplacements boxe : posture lisible, fond sombre, style FAFATRAINING, débutant compréhensible.
esquives;Esquives;boxe;assets/exercises/boxe/esquives.jpg;Visuel pour Esquives : posture lisible, fond sombre, style FAFATRAINING, débutant compréhensible.
world_stretch;World stretch;mobilite;assets/exercises/mobilite/world_stretch.jpg;Visuel pour World stretch : posture lisible, fond sombre, style FAFATRAINING, débutant compréhensible.
mobilite_90_90;90/90;mobilite;assets/exercises/mobilite/mobilite_90_90.jpg;Visuel pour 90/90 : posture lisible, fond sombre, style FAFATRAINING, débutant compréhensible.
cat_cow;Cat cow;mobilite;assets/exercises/mobilite/cat_cow.jpg;Visuel pour Cat cow : posture lisible, fond sombre, style FAFATRAINING, débutant compréhensible.
stretch_psoas;Stretch psoas;mobilite;assets/exercises/mobilite/stretch_psoas.jpg;Visuel pour Stretch psoas : posture lisible, fond sombre, style FAFATRAINING, débutant compréhensible.
mobilite_epaules;Mobilité épaules;mobilite;assets/exercises/mobilite/mobilite_epaules.jpg;Visuel pour Mobilité épaules : posture lisible, fond sombre, style FAFATRAINING, débutant compréhensible.
mobilite_cheville;Mobilité cheville;mobilite;assets/exercises/mobilite/mobilite_cheville.jpg;Visuel pour Mobilité cheville : posture lisible, fond sombre, style FAFATRAINING, débutant compréhensible.
